name,CAGR,AnnVol,Sharpe,MaxDD,AvgTurnover
EQ_topk_vt,0.060676271490929246,0.10972509209283747,0.5529844663023072,-0.21880766603245838,0.08590246636771301
INVVOL_topk_vt,0.06684376328436836,0.10974909407623498,0.6090598181879907,-0.21598216277740545,0.0960717343966726
MV_topk_vt,0.049541248373947244,0.10960442358516949,0.4520004462725959,-0.2206411843187821,0.09798228741002299
CVAR_topk_vt,0.0497940263468466,0.10980471941227082,0.4534780163673188,-0.24902787534827953,0.10091676667801347
HYBRID_topk_vt,0.05023345525858547,0.10970513861423146,0.4578951897160171,-0.22460593855900868,0.09732668671837034
BENCH_EQ_UNIV_vt,0.0988968386960063,0.12752973406996268,0.7754806313777114,-0.22666708463740226,
